{
  "hash": "5a307ef4",
  "configHash": "3e0da7a4",
  "lockfileHash": "3c0740d7",
  "browserHash": "21829fc5",
  "optimized": {
    "@angular/common": {
      "src": "../../../../../node_modules/@angular/common/fesm2022/common.mjs",
      "file": "@angular_common.js",
      "fileHash": "105388f8",
      "needsInterop": false
    },
    "@angular/common/http": {
      "src": "../../../../../node_modules/@angular/common/fesm2022/http.mjs",
      "file": "@angular_common_http.js",
      "fileHash": "df878a0b",
      "needsInterop": false
    },
    "@angular/core": {
      "src": "../../../../../node_modules/@angular/core/fesm2022/core.mjs",
      "file": "@angular_core.js",
      "fileHash": "cb5c3d9f",
      "needsInterop": false
    },
    "@angular/forms": {
      "src": "../../../../../node_modules/@angular/forms/fesm2022/forms.mjs",
      "file": "@angular_forms.js",
      "fileHash": "ead3c4b0",
      "needsInterop": false
    },
    "@angular/material/dialog": {
      "src": "../../../../../node_modules/@angular/material/fesm2022/dialog.mjs",
      "file": "@angular_material_dialog.js",
      "fileHash": "5779ae70",
      "needsInterop": false
    },
    "@angular/material/progress-spinner": {
      "src": "../../../../../node_modules/@angular/material/fesm2022/progress-spinner.mjs",
      "file": "@angular_material_progress-spinner.js",
      "fileHash": "c2f3a438",
      "needsInterop": false
    },
    "@angular/platform-browser": {
      "src": "../../../../../node_modules/@angular/platform-browser/fesm2022/platform-browser.mjs",
      "file": "@angular_platform-browser.js",
      "fileHash": "511c154a",
      "needsInterop": false
    },
    "@angular/platform-browser/animations": {
      "src": "../../../../../node_modules/@angular/platform-browser/fesm2022/animations.mjs",
      "file": "@angular_platform-browser_animations.js",
      "fileHash": "3b922899",
      "needsInterop": false
    },
    "@angular/router": {
      "src": "../../../../../node_modules/@angular/router/fesm2022/router.mjs",
      "file": "@angular_router.js",
      "fileHash": "04287ed6",
      "needsInterop": false
    },
    "ngx-scanner-qrcode": {
      "src": "../../../../../node_modules/ngx-scanner-qrcode/fesm2022/ngx-scanner-qrcode.mjs",
      "file": "ngx-scanner-qrcode.js",
      "fileHash": "576d461b",
      "needsInterop": false
    },
    "xlsx": {
      "src": "../../../../../node_modules/xlsx/xlsx.mjs",
      "file": "xlsx.js",
      "fileHash": "b982c25a",
      "needsInterop": false
    }
  },
  "chunks": {
    "chunk-CMNOSJ27": {
      "file": "chunk-CMNOSJ27.js"
    },
    "chunk-36KUK4LG": {
      "file": "chunk-36KUK4LG.js"
    },
    "chunk-HS27VWOX": {
      "file": "chunk-HS27VWOX.js"
    },
    "chunk-76HD3WC7": {
      "file": "chunk-76HD3WC7.js"
    },
    "chunk-NYEAWJZI": {
      "file": "chunk-NYEAWJZI.js"
    },
    "chunk-SPS2DRYY": {
      "file": "chunk-SPS2DRYY.js"
    },
    "chunk-J4B6MK7R": {
      "file": "chunk-J4B6MK7R.js"
    }
  }
}